<?xml version="1.0" encoding="UTF-8"?>
<l:dependencies xmlns:l='licenses' groupId='org.jenkins-ci.plugins' artifactId='token-macro' version='2.10'><l:dependency name='Token Macro Plugin' groupId='org.jenkins-ci.plugins' artifactId='token-macro' version='2.10' url='https://github.com/jenkinsci/token-macro-plugin'><l:description>This plugin adds reusable macro expansion capability for other plugins to use.</l:description><l:license name='The MIT License (MIT)' url='http://opensource.org/licenses/MIT'/></l:dependency><l:dependency name='ASM based accessors helper used by json-smart' groupId='net.minidev' artifactId='accessors-smart' version='1.2' url='http://www.minidev.net/'><l:description>Java reflect give poor performance on getter setter an constructor calls, accessors-smart use ASM to speed up those calls.</l:description><l:license name='The Apache Software License, Version 2.0' url='http://www.apache.org/licenses/LICENSE-2.0.txt'/></l:dependency><l:dependency name='parboiled-java' groupId='org.parboiled' artifactId='parboiled-java' version='1.1.8' url='http://parboiled.org'><l:description>Elegant parsing in Java and Scala - lightweight, easy-to-use, powerful</l:description><l:license name='Apache 2' url='http://www.apache.org/licenses/LICENSE-2.0.txt'/></l:dependency><l:dependency name='JSON Small and Fast Parser' groupId='net.minidev' artifactId='json-smart' version='2.3' url='http://www.minidev.net/'><l:description>JSON (JavaScript Object Notation) is a lightweight data-interchange format. It is easy for humans to read and write. It is easy for machines to parse and generate. It is based on a subset of the JavaScript Programming Language, Standard ECMA-262 3rd Edition - December 1999. JSON is a text format that is completely language independent but uses conventions that are familiar to programmers of the C-family of languages, including C, C++, C#, Java, JavaScript, Perl, Python, and many others. These properties make JSON an ideal data-interchange language.</l:description><l:license name='The Apache Software License, Version 2.0' url='http://www.apache.org/licenses/LICENSE-2.0.txt'/></l:dependency><l:dependency name='project &apos;:json-path&apos;' groupId='com.jayway.jsonpath' artifactId='json-path' version='2.4.0' url='https://github.com/jayway/JsonPath'><l:description>Java port of Stefan Goessner JsonPath.</l:description><l:license name='The Apache Software License, Version 2.0' url='http://www.apache.org/licenses/LICENSE-2.0.txt'/></l:dependency><l:dependency name='parboiled-core' groupId='org.parboiled' artifactId='parboiled-core' version='1.1.8' url='http://parboiled.org'><l:description>Elegant parsing in Java and Scala - lightweight, easy-to-use, powerful</l:description><l:license name='Apache 2' url='http://www.apache.org/licenses/LICENSE-2.0.txt'/></l:dependency></l:dependencies>