<?xml version="1.0" encoding="UTF-8"?>
<l:dependencies xmlns:l='licenses' groupId='org.jenkins-ci.plugins' artifactId='docker-workflow' version='1.21'><l:dependency name='Docker Pipeline' groupId='org.jenkins-ci.plugins' artifactId='docker-workflow' version='1.21' url='https://github.com/jenkinsci/docker-workflow-plugin'><l:description>Build and use Docker containers from pipelines</l:description><l:license name='MIT License' url='https://opensource.org/licenses/MIT'/></l:dependency><l:dependency name='FindBugs-jsr305' groupId='com.google.code.findbugs' artifactId='jsr305' version='3.0.2' url='http://findbugs.sourceforge.net/'><l:description>JSR305 Annotations for Findbugs</l:description><l:license name='The Apache Software License, Version 2.0' url='http://www.apache.org/licenses/LICENSE-2.0.txt'/></l:dependency></l:dependencies>