<?xml version="1.0" encoding="UTF-8"?>
<l:dependencies xmlns:l='licenses' groupId='org.jenkins-ci.plugins' artifactId='ssh-slaves' version='1.31.0'><l:dependency name='Jenkins SSH Slaves plugin' groupId='org.jenkins-ci.plugins' artifactId='ssh-slaves' version='1.31.0' url='https://github.com/jenkinsci/ssh-slaves-plugin'><l:description>Allows to launch agents over SSH, using a Java implementation of the SSH protocol</l:description><l:license name='MIT License' url='https://opensource.org/licenses/MIT'/></l:dependency><l:dependency name='SLF4J JDK14 Binding' groupId='org.slf4j' artifactId='slf4j-jdk14' version='1.7.26' url='http://www.slf4j.org'><l:description>SLF4J JDK14 Binding</l:description><l:license name='MIT License' url='http://www.opensource.org/licenses/mit-license.php'/></l:dependency><l:dependency name='JCL 1.2 implemented over SLF4J' groupId='org.slf4j' artifactId='jcl-over-slf4j' version='1.7.26' url='http://www.slf4j.org'><l:description>JCL 1.2 implemented over SLF4J</l:description><l:license name='MIT License' url='http://www.opensource.org/licenses/mit-license.php'/></l:dependency><l:dependency name='Log4j Implemented Over SLF4J' groupId='org.slf4j' artifactId='log4j-over-slf4j' version='1.7.26' url='http://www.slf4j.org'><l:description>Log4j implemented over SLF4J</l:description><l:license name='Apache Software Licenses' url='http://www.apache.org/licenses/LICENSE-2.0.txt'/></l:dependency><l:dependency name='SLF4J API Module' groupId='org.slf4j' artifactId='slf4j-api' version='1.7.26' url='http://www.slf4j.org'><l:description>The slf4j API</l:description><l:license name='MIT License' url='http://www.opensource.org/licenses/mit-license.php'/></l:dependency></l:dependencies>