<?xml version="1.0" encoding="UTF-8"?>
<l:dependencies xmlns:l='licenses' groupId='org.jenkins-ci.plugins' artifactId='email-ext' version='2.68'><l:dependency name='Email Extension Plugin' groupId='org.jenkins-ci.plugins' artifactId='email-ext' version='2.68' url='https://wiki.jenkins-ci.org/display/JENKINS/Email-ext+plugin'><l:description>Allows to configure every aspect of email notifications: when an email is sent, who should receive it and what the email says</l:description><l:license name='The MIT License (MIT)' url='http://opensource.org/licenses/MIT'/></l:dependency><l:dependency name='jsoup' groupId='org.jsoup' artifactId='jsoup' version='1.9.1' url='http://jsoup.org/'><l:description>jsoup HTML parser</l:description><l:license name='The MIT License' url='http://jsoup.org/license'/></l:dependency><l:dependency name='Jericho HTML Parser' groupId='net.htmlparser.jericho' artifactId='jericho-html' version='3.3' url='http://jericho.htmlparser.net'><l:description>Jericho HTML Parser is a java library allowing analysis and manipulation of parts of an HTML document, including server-side tags, while reproducing verbatim any unrecognised or invalid HTML.</l:description><l:license name='GNU Lesser General Public License (LGPL)' url='http://www.gnu.org/licenses/lgpl.txt'/><l:license name='Eclipse Public License (EPL)' url='http://www.eclipse.org/legal/epl-v10.html'/></l:dependency></l:dependencies>