<?xml version="1.0" encoding="UTF-8"?>
<l:dependencies xmlns:l='licenses' groupId='org.jenkinsci.plugins' artifactId='pipeline-model-api' version='1.5.0'><l:dependency name='Pipeline: Model API' groupId='org.jenkinsci.plugins' artifactId='pipeline-model-api' version='1.5.0' url='https://wiki.jenkins-ci.org/display/JENKINS/Pipeline+Model+Definition+Plugin'><l:description>Model API for Declarative Pipeline</l:description><l:license name='MIT' url='http://opensource.org/licenses/MIT'/></l:dependency><l:dependency name='Joda time' groupId='joda-time' artifactId='joda-time' version='2.1' url='http://joda-time.sourceforge.net'><l:description>Date and time library to replace JDK date handling</l:description><l:license name='Apache 2' url='http://www.apache.org/licenses/LICENSE-2.0.txt'/></l:dependency><l:dependency name='Jackson-datatype-json.org' groupId='com.fasterxml.jackson.datatype' artifactId='jackson-datatype-json-org' version='2.9.8' url='http://github.com/FasterXML/jackson-datatype-json-org'><l:description>Support for datatypes of "org.json" JSON library (see http://json.org/java),
mainly to make it easier to upgrade code to Jackson, using automated conversions.</l:description><l:license name='The Apache Software License, Version 2.0' url='http://www.apache.org/licenses/LICENSE-2.0.txt'/></l:dependency><l:dependency name='json-schema-validator' groupId='com.github.fge' artifactId='json-schema-validator' version='2.0.4' url='https://github.com/fge/json-schema-validator'><l:description>A Java implementation of the JSON Schema specification</l:description><l:license name='LGPLv3 or later' url='http://www.gnu.org/licenses/lgpl.html'/></l:dependency><l:dependency name='JSON in Java' groupId='org.json' artifactId='json' version='20171018' url='https://github.com/douglascrockford/JSON-java'><l:description>JSON is a light-weight, language independent, data interchange format.
		See http://www.JSON.org/

		The files in this package implement JSON encoders/decoders in Java.
		It also includes the capability to convert between JSON and XML, HTTP
		headers, Cookies, and CDL.

		This is a reference implementation. There is a large number of JSON packages
		in Java. Perhaps someday the Java community will standardize on one. Until
		then, choose carefully.

		The license includes this restriction: "The software shall be used for good,
		not evil." If your conscience cannot live with that, then choose a different
		package.</l:description><l:license name='The JSON License' url='http://json.org/license.html'/></l:dependency><l:dependency name='Mozilla Rhino' groupId='org.mozilla' artifactId='rhino' version='1.7R4' url='https://developer.mozilla.org/en/Rhino'><l:description>Rhino is an open-source implementation of JavaScript written entirely in Java. It is typically embedded into Java applications to provide scripting to end users.</l:description><l:license name='Mozilla Public License, Version 2.0' url='http://www.mozilla.org/MPL/2.0/index.txt'/></l:dependency><l:dependency name='JavaMail API jar' groupId='javax.mail' artifactId='mailapi' version='1.4.3' url='http://java.sun.com/projects/javamail/mailapi'><l:description>JavaMail API jar</l:description><l:license name='CDDL' url='http://www.sun.com/cddl'/><l:license name='GPLv2+CE' url='https://glassfish.dev.java.net/public/CDDL+GPL.html'/></l:dependency><l:dependency name='libphonenumber' groupId='com.googlecode.libphonenumber' artifactId='libphonenumber' version='5.3' url='http://code.google.com/p/libphonenumber/'><l:description>Google's common Java library for parsing, formatting, storing and validating international phone numbers.
    Optimized for running on smartphones.</l:description><l:license name='The Apache Software License, Version 2.0' url='http://www.apache.org/licenses/LICENSE-2.0.txt'/></l:dependency><l:dependency name='json-schema-core' groupId='com.github.fge' artifactId='json-schema-core' version='1.0.4' url='https://github.com/fge/json-schema-core'><l:description>Core processing architecture for json-schema-validator</l:description><l:license name='LGPLv3 or later' url='http://www.gnu.org/licenses/lgpl.html'/></l:dependency></l:dependencies>