<?xml version="1.0" encoding="UTF-8"?>
<l:dependencies xmlns:l='licenses' groupId='org.jenkins-ci.plugins' artifactId='git' version='4.0.0'><l:dependency name='Jenkins Git plugin' groupId='org.jenkins-ci.plugins' artifactId='git' version='4.0.0' url='https://github.com/jenkinsci/git-plugin'><l:description>Integrates Jenkins with GIT SCM</l:description><l:license name='The MIT License (MIT)' url='https://opensource.org/licenses/MIT'/></l:dependency><l:dependency name='Apache Commons Net' groupId='commons-net' artifactId='commons-net' version='3.6' url='http://commons.apache.org/proper/commons-net/'><l:description>Apache Commons Net library contains a collection of network utilities and protocol implementations.
Supported protocols include: Echo, Finger, FTP, NNTP, NTP, POP3(S), SMTP(S), Telnet, Whois</l:description><l:license name='Apache License, Version 2.0' url='https://www.apache.org/licenses/LICENSE-2.0.txt'/></l:dependency></l:dependencies>